City_ID,City,Country,Lat,Lng,Max Temp,Humidity,Cloudiness,Wind Speed,Current Description
0,Barrow,US,71.29,-156.79,42.8,81,90,10.29,overcast clouds
1,Ushuaia,AR,-54.8,-68.3,39.2,93,90,24.16,overcast clouds
2,Castro,BR,-24.79,-50.01,52.0,96,100,2.15,light rain
3,Avarua,CK,-21.21,-159.78,75.2,78,100,20.8,overcast clouds
4,Mahebourg,MU,-20.41,57.7,68.0,82,75,11.41,shower rain
5,Busselton,AU,-33.65,115.33,51.01,82,78,1.21,light rain
6,Constitucion,CL,-35.33,-72.42,47.89,71,0,6.71,clear sky
7,Ulladulla,AU,-35.35,150.47,55.99,50,20,27.51,few clouds
8,Iskateley,RU,67.68,53.15,49.78,97,83,11.12,broken clouds
9,Punta Arenas,CL,-53.15,-70.92,44.6,75,83,26.4,broken clouds
10,Rikitea,PF,-23.12,-134.97,70.14,86,100,22.26,overcast clouds
11,Aklavik,CA,68.22,-135.01,60.8,72,40,3.36,scattered clouds
12,Airai,TL,-8.93,125.41,68.54,42,5,2.73,clear sky
13,Yumen,CN,40.28,97.2,67.59,34,31,16.49,scattered clouds
14,Severo-Kurilsk,RU,50.68,156.12,54.14,92,100,5.06,overcast clouds
15,Yellowknife,CA,62.46,-114.35,59.0,93,90,5.82,light intensity shower rain
16,Kapaa,US,22.08,-159.32,84.2,66,1,14.99,light rain
17,Nuuk,GL,64.18,-51.72,48.2,81,0,10.29,clear sky
18,Arcata,US,40.87,-124.08,69.01,82,20,5.82,few clouds
19,Port Blair,IN,11.67,92.75,82.17,79,100,14.25,overcast clouds
20,Albany,US,42.6,-73.97,69.01,44,10,1.99,clear sky
21,Vilyuysk,RU,63.76,121.62,50.7,59,0,7.7,clear sky
22,Guerrero Negro,MX,27.98,-114.06,84.02,50,0,17.9,light rain
23,Hermanus,ZA,-34.42,19.23,44.01,93,99,10.11,overcast clouds
24,Nantucket,US,41.28,-70.1,66.0,88,84,3.0,broken clouds
25,Qaanaaq,GL,77.48,-69.36,44.13,90,100,2.06,moderate rain
26,Myitkyina,MM,25.38,97.4,73.69,97,99,0.22,light rain
27,Dikson,RU,73.51,80.55,47.91,75,0,15.61,clear sky
28,Itarema,BR,-2.92,-39.92,77.0,77,35,13.87,scattered clouds
29,Port Moresby,PG,-9.44,147.18,80.6,69,75,5.82,smoke
30,Tiksi,RU,71.69,128.87,39.9,88,98,6.38,overcast clouds
31,Taltal,CL,-25.4,-70.48,53.73,72,6,6.33,clear sky
32,Panguna,PG,-6.32,155.48,82.38,62,21,2.24,few clouds
33,Lynn Haven,US,30.25,-85.65,84.99,78,20,4.7,light rain
34,Talcahuano,CL,-36.72,-73.12,50.0,46,0,9.17,clear sky
35,Belize,BZ,17.25,-88.75,82.0,77,82,3.0,broken clouds
36,Dingle,PH,11.0,122.67,75.76,92,90,5.1,overcast clouds
37,The Valley,AI,18.22,-63.06,84.2,70,20,10.29,few clouds
38,Kieta,PG,-6.22,155.63,85.19,64,16,3.22,few clouds
39,Butaritari,KI,3.07,172.79,83.23,78,27,9.95,light rain
40,Mataura,NZ,-46.19,168.86,55.0,83,33,1.01,scattered clouds
41,Kericho,KE,-0.37,35.28,68.0,94,75,4.12,broken clouds
42,Coquimbo,CL,-29.95,-71.34,51.8,87,0,6.93,clear sky
43,Changli,CN,39.7,119.15,68.56,74,99,9.64,overcast clouds
44,Dzheyrakh,RU,42.82,44.68,55.4,100,6,6.71,clear sky
45,Mercedes,AR,-34.65,-59.43,42.01,78,31,8.9,scattered clouds
46,Malanje,AO,-9.54,16.34,63.84,88,27,5.99,scattered clouds
47,Xingyi,CN,24.19,102.82,60.03,96,22,2.44,few clouds
48,Cherskiy,RU,68.75,161.3,45.1,64,97,7.72,overcast clouds
49,Cockburn Town,TC,21.46,-71.14,83.39,82,1,18.41,clear sky
50,Torbay,CA,47.67,-52.73,64.0,88,75,6.93,broken clouds
51,Ponta Do Sol,PT,32.67,-17.1,73.4,78,40,3.67,scattered clouds
52,Khandyga,RU,62.67,135.6,56.95,49,65,6.98,broken clouds
53,Divnomorskoye,RU,44.5,38.14,68.5,67,0,5.55,clear sky
54,Aketi,CD,2.74,23.78,69.84,95,85,0.94,overcast clouds
55,Vardo,NO,70.37,31.11,54.41,80,40,9.04,scattered clouds
56,Hasaki,JP,35.73,140.83,88.0,70,20,5.82,few clouds
57,Provideniya,RU,64.38,-173.3,59.0,67,40,13.42,scattered clouds
58,Soe,ID,-9.86,124.28,73.11,52,1,3.11,clear sky
59,Emmaus,US,40.54,-75.5,73.4,53,1,6.93,clear sky
60,New Norfolk,AU,-42.78,147.06,51.01,75,69,1.99,broken clouds
61,Saldanha,ZA,-33.01,17.94,42.8,87,57,1.12,broken clouds
62,Touros,BR,-5.2,-35.46,75.2,83,20,4.7,few clouds
63,Namibe,AO,-15.2,12.15,64.04,88,56,1.92,broken clouds
64,Tasiilaq,GL,65.61,-37.64,44.6,75,0,12.75,clear sky
65,Port Alfred,ZA,-33.59,26.89,50.77,73,15,9.15,few clouds
66,Lagoa,PT,39.05,-27.98,68.58,67,67,18.66,broken clouds
67,Port Elizabeth,ZA,-33.92,25.57,48.2,81,22,8.05,few clouds
68,Grand Gaube,MU,-20.01,57.66,66.99,69,26,3.0,scattered clouds
69,Turukhansk,RU,65.82,87.98,60.37,90,100,3.62,light rain
70,Bluff,NZ,-46.6,168.33,55.0,83,58,1.01,broken clouds
71,Taksimo,RU,56.34,114.88,60.73,58,1,2.1,clear sky
72,Vanavara,RU,60.34,102.28,60.17,62,100,4.85,overcast clouds
73,Bambous Virieux,MU,-20.34,57.76,68.0,82,75,11.41,shower rain
74,Lompoc,US,34.64,-120.46,73.4,60,90,11.41,overcast clouds
75,Cidreira,BR,-30.18,-50.21,53.47,74,79,14.12,broken clouds
76,Mar Del Plata,AR,-38.0,-57.56,44.01,64,40,5.82,scattered clouds
77,Tuktoyaktuk,CA,69.45,-133.04,53.6,81,75,10.29,broken clouds
78,Bethel,US,41.37,-73.41,70.0,77,75,4.7,broken clouds
79,Akureyri,IS,65.68,-18.09,46.4,75,1,5.82,clear sky
80,Atuona,PF,-9.8,-139.03,78.39,77,6,17.74,light rain
81,Verkhnyaya Inta,RU,65.98,60.31,48.74,95,48,5.3,scattered clouds
82,Aykhal,RU,66.0,111.5,42.8,87,14,8.95,few clouds
83,Makakilo City,US,21.35,-158.09,89.6,45,75,12.75,broken clouds
84,Georgetown,MY,5.41,100.34,80.6,94,40,4.88,scattered clouds
85,Erenhot,CN,43.65,111.98,61.99,58,0,11.95,clear sky
86,Port Lincoln,AU,-34.73,135.87,55.87,66,20,20.58,few clouds
87,Jamestown,US,42.1,-79.24,64.99,55,1,3.62,clear sky
88,Arraial Do Cabo,BR,-22.97,-42.03,75.2,83,0,11.41,clear sky
89,Dongsheng,CN,39.82,109.98,65.82,60,0,3.87,clear sky
90,Puri,IN,19.8,85.85,77.0,100,90,10.29,light rain
91,Kalabo,ZM,-14.97,22.68,57.45,33,0,7.94,clear sky
92,Lagos,NG,6.58,3.75,78.8,78,20,6.93,few clouds
93,Saint George,US,37.1,-113.58,109.99,10,1,10.29,clear sky
94,Jizan,SA,17.33,42.67,89.6,62,40,5.82,scattered clouds
95,Ribeira Grande,PT,38.52,-28.7,68.94,67,82,16.15,broken clouds
96,East London,ZA,-33.02,27.91,52.74,56,5,5.73,clear sky
97,Clyde River,CA,70.47,-68.59,50.0,87,75,8.05,broken clouds
98,Boffa,GN,10.17,-14.03,76.14,93,100,5.66,light rain
99,Entebbe,UG,0.06,32.45,71.6,83,20,4.7,few clouds
100,Hithadhoo,MV,-0.6,73.08,83.12,67,70,3.02,broken clouds
101,Tuatapere,NZ,-46.13,167.68,55.0,83,56,1.01,broken clouds
102,Silva Jardim,BR,-22.65,-42.39,75.2,83,3,11.41,clear sky
103,Longyearbyen,SJ,78.22,15.64,42.8,70,75,16.11,broken clouds
104,Khatanga,RU,71.97,102.5,52.27,60,55,10.29,broken clouds
105,Cape Town,ZA,-33.93,18.42,54.0,87,40,8.05,scattered clouds
106,Pevek,RU,69.7,170.31,42.3,82,97,1.21,overcast clouds
107,Cayenne,GF,4.93,-52.33,77.0,100,90,10.49,overcast clouds
108,Neiafu,TO,-18.65,-173.98,82.4,78,75,10.29,broken clouds
109,Bredasdorp,ZA,-34.53,20.04,50.0,76,100,1.12,overcast clouds
110,Moi,NO,58.46,6.55,64.99,93,78,3.38,broken clouds
111,Fortuna,US,40.6,-124.16,71.01,33,33,8.01,scattered clouds
112,Yingcheng,CN,30.95,113.55,82.4,83,100,8.95,overcast clouds
113,Banjar,ID,-8.19,114.97,78.8,100,75,14.99,broken clouds
114,Saskylakh,RU,71.92,114.08,43.74,65,100,3.6,overcast clouds
115,Maniitsoq,GL,65.42,-52.9,47.97,73,0,7.36,clear sky
116,Saint Anthony,US,45.02,-93.22,79.0,57,90,9.17,overcast clouds
117,San Ignacio,BZ,17.16,-89.07,87.8,70,40,4.7,thunderstorm
118,Jinxiang,CN,22.86,115.7,82.27,78,91,4.97,overcast clouds
119,Novoagansk,RU,61.94,76.66,51.67,96,11,7.14,few clouds
120,Chifeng,CN,42.27,118.96,61.34,61,82,5.61,broken clouds
121,Bathsheba,BB,13.22,-59.52,80.6,78,40,14.99,shower rain
122,Puerto Ayora,EC,-0.74,-90.35,66.99,94,87,5.99,overcast clouds
123,Evensk,RU,61.95,159.23,52.38,87,100,13.38,light rain
124,Margate,GB,51.38,1.39,68.0,99,97,3.0,overcast clouds
125,Lebu,CL,-37.62,-73.65,45.95,74,0,19.86,clear sky
126,Azogues,EC,-2.73,-78.83,60.8,77,96,11.41,light rain
127,Karoi,ZW,-16.81,29.69,63.09,48,5,8.61,clear sky
128,Jiancheng,CN,30.39,104.55,71.6,100,40,1.86,mist
129,Deputatskiy,RU,69.3,139.9,37.69,78,88,7.31,overcast clouds
130,Buala,SB,-8.14,159.59,85.59,67,91,3.38,overcast clouds
131,Vaini,TO,-21.2,-175.2,77.0,88,75,12.75,broken clouds
132,Poum,NC,-20.23,164.02,73.06,70,2,12.17,clear sky
133,Mariental,NA,-24.63,17.97,39.69,54,0,9.1,clear sky
134,Cabo San Lucas,MX,22.89,-109.91,75.99,93,100,17.0,moderate rain
135,Victoria,HK,22.29,114.16,84.99,83,98,8.01,overcast clouds
136,Gemena,CD,3.25,19.77,70.63,96,98,0.6,overcast clouds
137,Comodoro Rivadavia,AR,-45.87,-67.5,51.8,55,43,16.11,scattered clouds
138,Nikolskoye,RU,59.7,30.79,54.0,87,0,2.24,smoke
139,Hamilton,US,39.18,-84.53,75.0,56,1,4.7,clear sky
140,Narsaq,GL,60.92,-46.05,51.8,62,32,4.7,scattered clouds
141,Najran,SA,17.49,44.13,82.4,21,69,3.04,broken clouds
142,Newport,GB,51.59,-3.0,64.99,90,100,5.01,overcast clouds
143,Shiyan,CN,32.65,110.78,72.12,92,100,5.17,light rain
144,Padang,ID,-0.95,100.35,78.93,76,80,4.32,broken clouds
145,Hobart,AU,-42.88,147.33,53.01,62,75,13.87,broken clouds
146,Bedford,GB,52.13,-0.47,69.01,94,97,4.0,moderate rain
147,Port-Gentil,GA,-0.72,8.78,75.2,83,90,16.93,overcast clouds
148,Tura,IN,25.52,90.22,73.42,94,93,5.21,light rain
149,Kavieng,PG,-2.57,150.8,84.6,70,24,7.9,light rain
150,Mantsala,FI,60.66,25.28,55.4,93,7,4.7,clear sky
151,Geraldton,AU,-28.77,114.6,51.8,81,82,3.36,broken clouds
152,La Ronge,CA,55.1,-105.28,75.2,69,75,5.82,broken clouds
153,Praia Da Vitoria,PT,38.73,-27.07,68.0,68,75,11.05,broken clouds
154,Mount Gambier,AU,-37.83,140.77,48.2,93,75,8.05,light intensity shower rain
155,Chokurdakh,RU,70.63,147.92,36.21,95,100,10.0,overcast clouds
156,Palasbari,IN,26.14,91.55,82.4,100,75,2.15,mist
157,Zhezkazgan,KZ,47.8,67.71,55.53,45,27,1.74,scattered clouds
158,Bacolod,PH,10.67,122.95,78.84,84,99,5.93,light rain
159,San Cristobal,VE,7.77,-72.22,84.2,62,75,6.93,thunderstorm
160,Husavik,IS,66.04,-17.34,46.4,75,0,5.82,clear sky
161,Yerkoy,TR,39.64,34.47,67.1,27,0,2.66,clear sky
162,Rundu,NA,-17.93,19.77,44.62,43,0,6.51,clear sky
163,Carapur,IN,15.55,73.97,77.76,86,100,6.71,moderate rain
164,Bengkulu,ID,-3.8,102.27,76.3,83,78,4.61,broken clouds
165,Sapa,PH,5.15,120.32,83.88,68,1,4.94,clear sky
166,Monrovia,LR,6.3,-10.8,77.0,88,75,5.82,broken clouds
167,Bijapur,IN,16.83,75.7,71.65,88,94,14.88,overcast clouds
168,Churapcha,RU,62.0,132.43,57.33,44,88,6.55,overcast clouds
169,Sibolga,ID,1.74,98.78,77.97,73,100,3.42,overcast clouds
170,Olot,ES,42.18,2.49,72.0,84,0,7.0,clear sky
171,Doha,QA,25.29,51.53,89.6,75,28,3.36,scattered clouds
172,Aparecida Do Taboado,BR,-20.09,-51.09,69.82,69,9,15.86,clear sky
173,Leshukonskoye,RU,64.9,45.76,40.78,90,64,5.84,broken clouds
174,Menomonie,US,44.88,-91.92,75.0,56,1,8.05,clear sky
175,Palmer,US,42.16,-72.33,64.99,93,40,2.01,scattered clouds
176,Vestmannaeyjar,IS,63.44,-20.27,48.97,81,100,17.2,overcast clouds
177,Sangmelima,CM,2.93,11.98,68.23,98,86,3.96,overcast clouds
178,Amapa,BR,1.0,-52.0,76.73,76,67,4.56,broken clouds
179,Karratha,AU,-20.74,116.85,69.66,27,0,13.8,clear sky
180,Disna,BY,55.57,28.2,56.59,97,26,7.52,scattered clouds
181,Mitsamiouli,KM,-11.38,43.28,75.52,78,11,8.46,few clouds
182,Kodiak,US,57.79,-152.41,64.4,55,90,13.87,overcast clouds
183,Banda Aceh,ID,5.56,95.32,79.65,77,92,5.12,overcast clouds
184,Teplodar,UA,46.51,30.33,66.2,82,94,5.35,overcast clouds
185,Komsomolskiy,UZ,40.43,71.72,68.0,60,29,6.93,scattered clouds
186,Saint-Pierre,RE,-21.34,55.48,69.01,68,90,3.36,overcast clouds
187,Luderitz,NA,-26.65,15.16,60.4,31,0,9.33,clear sky
188,Pavino,RU,59.11,46.14,41.52,84,42,6.24,scattered clouds
189,Grindavik,IS,63.84,-22.43,48.2,100,90,3.36,light intensity drizzle
190,Urambo,TZ,-5.07,32.05,66.43,52,98,5.35,overcast clouds
191,Bubaque,GW,11.28,-15.83,81.23,85,94,9.42,light rain
192,Kaitangata,NZ,-46.28,169.85,51.01,81,5,1.99,clear sky
193,Moyo,UG,3.66,31.72,64.45,95,59,1.36,broken clouds
194,Faanui,PF,-16.48,-151.75,78.42,77,30,22.73,light rain
195,Shu,KZ,43.6,73.76,63.99,29,0,4.47,clear sky
196,Jackson,US,42.42,-122.83,95.0,13,1,12.75,clear sky
197,Hilo,US,19.73,-155.09,82.4,65,90,11.41,overcast clouds
198,Codrington,AU,-38.27,141.97,49.87,84,91,13.56,light rain
199,Zhicheng,CN,30.3,111.5,77.0,92,100,5.7,light rain
200,Klamath Falls,US,42.22,-121.78,90.0,8,1,6.93,clear sky
201,Neman,RU,55.03,22.03,60.96,98,99,6.04,overcast clouds
202,Tambacounda,SN,13.75,-13.76,78.8,94,83,2.24,light rain
203,Richards Bay,ZA,-28.78,32.04,58.46,73,26,5.7,light rain
204,Andra,RU,62.51,65.89,52.34,96,100,4.32,light rain
205,Berlevag,NO,70.86,29.09,52.18,82,72,9.62,broken clouds
206,Mendi,PG,-6.18,143.65,69.4,57,4,2.26,clear sky
207,Atikokan,CA,48.76,-91.62,77.18,61,20,4.43,few clouds
208,Congonhas,BR,-20.5,-43.86,64.54,70,0,2.89,clear sky
209,Esperance,AU,-33.87,121.9,44.6,100,75,9.17,broken clouds
210,Haines Junction,CA,60.75,-137.51,62.11,41,100,2.68,overcast clouds
211,Ilulissat,GL,69.22,-51.1,51.8,40,26,2.24,scattered clouds
212,Tlanepantla,MX,18.85,-97.9,77.0,63,40,12.75,scattered clouds
213,Santa Maria,BR,-29.68,-53.81,53.6,62,12,4.7,few clouds
214,Cubarral,CO,3.79,-73.84,80.6,74,40,4.7,scattered clouds
215,Gravdal,NO,68.12,13.5,49.39,76,86,7.65,overcast clouds
216,Koutiala,ML,12.39,-5.46,76.91,85,100,5.5,moderate rain
217,Kloulklubed,PW,7.04,134.26,84.2,74,75,8.05,broken clouds
218,Aksu,CN,41.12,80.26,68.9,46,91,1.19,overcast clouds
219,Saint-Louis,SN,16.33,-15.0,84.2,74,100,2.24,overcast clouds
220,Guanare,VE,9.04,-69.74,76.59,89,100,2.64,light rain
221,Nanortalik,GL,60.14,-45.24,46.29,79,25,14.54,scattered clouds
222,Jardim,BR,-21.48,-56.14,63.39,88,100,8.61,light rain
223,Gigmoto,PH,13.78,124.39,81.97,76,94,3.29,overcast clouds
224,Burnie,AU,-41.07,145.92,51.01,59,28,11.01,scattered clouds
225,Yulara,AU,-25.24,130.99,51.8,43,1,4.7,clear sky
226,Allahabad,IN,25.45,81.85,82.9,76,85,9.28,overcast clouds
227,Aba,NG,5.11,7.37,77.0,94,75,3.36,broken clouds
228,Praya,CV,14.92,-23.51,78.8,74,20,9.17,few clouds
229,Alamogordo,US,32.9,-105.96,96.8,15,1,3.36,clear sky
230,Abha,SA,18.22,42.51,71.6,56,91,1.83,overcast clouds
231,Coihaique,CL,-45.58,-72.07,41.0,85,89,6.93,overcast clouds
232,Talnakh,RU,69.49,88.4,59.0,51,53,8.95,broken clouds
233,Lamar,US,33.67,-95.58,87.01,48,1,4.7,clear sky
234,Westport,US,41.14,-73.36,69.8,77,1,3.36,clear sky
235,Alghero,IT,40.56,8.32,69.8,94,9,3.36,clear sky
236,Currais Novos,BR,-6.26,-36.52,71.11,66,22,16.31,few clouds
237,Ancud,CL,-41.87,-73.82,43.0,86,20,3.36,few clouds
238,Standerton,ZA,-26.93,29.24,36.0,69,0,5.01,clear sky
239,Carnarvon,AU,-24.87,113.63,60.8,55,92,9.17,overcast clouds
240,Salalah,OM,17.02,54.09,77.0,100,90,6.93,drizzle
241,Tigre,AR,-34.43,-58.58,46.0,65,36,5.82,scattered clouds
242,Santiago Del Estero,AR,-27.8,-64.26,50.97,41,10,10.47,clear sky
243,Upernavik,GL,72.79,-56.15,49.69,73,47,2.66,scattered clouds
244,Sao Joao Da Barra,BR,-21.64,-41.05,74.55,83,0,23.64,clear sky
245,Razdolnoye,RU,43.55,131.92,62.6,82,75,6.71,light intensity shower rain
246,Aksarka,RU,66.56,67.8,51.85,83,2,16.42,clear sky
247,Oranjemund,NA,-28.55,16.43,52.5,70,0,11.56,clear sky
248,Baykit,RU,61.67,96.37,56.68,78,100,3.38,light rain
249,Tiarei,PF,-17.53,-149.33,80.6,65,75,4.7,shower rain
250,Varhaug,NO,58.61,5.65,61.0,99,78,13.91,broken clouds
251,Rio Grande,BR,-32.03,-52.1,48.0,71,23,1.01,few clouds
252,Vila Velha,BR,-20.33,-40.29,77.0,83,40,13.87,scattered clouds
253,Chihuahua,MX,28.5,-106.0,91.4,17,75,10.29,broken clouds
254,Itoman,JP,26.12,127.67,89.6,70,20,6.93,few clouds
255,Iqaluit,CA,63.75,-68.51,46.0,93,90,16.11,overcast clouds
256,Bolshaya Glushitsa,RU,50.24,43.59,64.99,52,91,8.32,overcast clouds
257,Ponta Delgada,PT,37.73,-25.67,64.4,77,40,6.93,scattered clouds
258,Austin,US,30.27,-97.74,96.01,21,40,11.99,scattered clouds
259,Motala,SE,58.54,15.04,60.8,100,75,1.12,mist
260,Nelson Bay,AU,-32.72,152.15,60.01,51,20,26.4,few clouds
261,Evansville,US,37.97,-87.56,77.0,53,1,6.93,clear sky
262,Palmeirais,BR,-5.98,-43.06,76.87,34,93,2.06,overcast clouds
263,Vostok,RU,46.49,135.88,56.57,63,92,5.28,overcast clouds
264,Iquique,CL,-20.22,-70.14,60.8,63,90,11.41,overcast clouds
265,Zhatay,RU,62.16,129.83,53.6,81,40,4.47,scattered clouds
266,Ambulu,ID,-8.35,113.61,75.54,82,77,3.18,broken clouds
267,San Quintin,MX,30.48,-115.95,80.47,59,20,10.42,few clouds
268,Lac-Megantic,CA,45.58,-70.88,60.01,100,49,1.99,scattered clouds
269,Tessalit,ML,20.2,1.01,85.12,45,74,11.99,broken clouds
270,Olafsvik,IS,64.89,-23.71,49.24,81,18,5.48,few clouds
271,Katobu,ID,-4.94,122.53,79.09,65,0,4.74,clear sky
272,Arman,RU,59.7,150.17,53.6,88,100,15.35,moderate rain
273,Brae,GB,60.4,-1.35,57.2,100,75,12.75,broken clouds
274,Channel-Port Aux Basques,CA,47.57,-59.14,63.07,85,48,4.38,scattered clouds
275,Togur,RU,58.36,82.83,53.6,96,70,8.59,broken clouds
276,Mizan Teferi,ET,6.98,35.58,63.0,90,99,2.21,overcast clouds
277,Chuy,UY,-33.7,-53.46,42.51,77,26,8.99,scattered clouds
278,Marsh Harbour,BS,26.54,-77.06,84.92,71,91,7.78,overcast clouds
279,Fare,PF,-16.7,-151.02,78.89,76,7,20.56,light rain
280,Pangnirtung,CA,66.15,-65.71,55.72,38,12,2.71,few clouds
281,Methoni,GR,36.82,21.7,80.01,61,0,8.05,clear sky
282,Nishihara,JP,26.18,127.76,89.6,70,40,9.17,haze
283,Dicabisagan,PH,17.08,122.42,80.53,80,100,6.13,overcast clouds
284,Praia,CV,14.92,-23.51,78.8,74,20,9.17,few clouds
285,Lubao,PH,14.92,120.55,81.0,83,75,3.36,broken clouds
286,Damietta,EG,31.42,31.81,75.06,76,0,4.76,clear sky
287,Marsabit,KE,2.33,37.99,63.41,84,89,23.47,overcast clouds
288,Isangel,VU,-19.55,169.27,78.8,69,20,5.82,few clouds
289,Byron Bay,AU,-28.65,153.62,64.99,36,90,24.16,overcast clouds
290,Nyurba,RU,63.28,118.33,51.75,65,21,4.72,few clouds
291,Namatanai,PG,-3.67,152.43,84.4,64,100,5.79,overcast clouds
292,Imbituba,BR,-28.24,-48.67,60.8,82,75,8.05,broken clouds
293,Maumere,ID,-8.62,122.21,78.31,74,45,4.92,scattered clouds
294,Sorland,NO,67.67,12.69,50.72,74,90,9.4,overcast clouds
295,Lima,PE,-12.04,-77.03,60.8,82,90,11.41,overcast clouds
296,Marrakesh,MA,31.63,-8.01,78.8,50,0,6.93,clear sky
297,Batemans Bay,AU,-35.72,150.18,60.01,69,20,11.99,few clouds
298,Jaguarari,BR,-10.26,-40.2,67.32,59,92,7.2,overcast clouds
299,Lorengau,PG,-2.02,147.27,85.91,66,62,7.96,broken clouds
300,Yeppoon,AU,-23.13,150.73,77.0,16,13,13.87,few clouds
301,Chadiza,ZM,-14.07,32.44,64.9,48,1,5.88,clear sky
302,Bristol,US,41.83,-71.17,69.01,88,40,4.45,scattered clouds
303,Mahon,ES,39.89,4.27,75.2,88,0,5.82,clear sky
304,Sechura,PE,-5.56,-80.82,63.7,73,54,16.35,broken clouds
305,Ferrol,ES,43.48,-8.24,66.0,100,90,3.36,overcast clouds
306,Campobasso,IT,41.63,14.58,73.0,77,24,2.37,few clouds
307,Kincardine,GB,56.07,-3.72,63.0,93,90,6.93,light rain
308,Denpasar,ID,-8.65,115.22,78.8,83,75,14.99,broken clouds
309,Mandalay,MM,21.97,96.08,78.8,83,75,8.05,broken clouds
310,Inzer,RU,54.22,57.56,46.35,91,100,5.88,light rain
311,Agua Verde,MX,22.9,-106.05,87.01,70,90,4.7,overcast clouds
312,Acari,PE,-15.43,-74.62,59.76,70,65,5.53,broken clouds
313,Dwarka,IN,22.24,68.97,82.56,84,88,17.6,light rain
314,Abu Kamal,SY,34.45,40.92,77.95,35,0,9.89,clear sky
315,Qasigiannguit,GL,68.82,-51.19,51.8,40,15,2.24,few clouds
316,Bembereke,BJ,10.23,2.66,70.36,99,67,4.88,broken clouds
317,Sao Filipe,CV,14.9,-24.5,77.47,79,44,12.8,scattered clouds
318,Katsuura,JP,35.13,140.3,88.0,70,20,11.41,few clouds
319,Bulgan,MN,48.81,103.53,60.66,80,99,2.42,overcast clouds
320,Labuhan,ID,-6.88,112.21,77.99,78,95,6.13,overcast clouds
321,Mandalgovi,MN,45.76,106.27,58.5,45,7,17.09,clear sky
322,Progreso,MX,21.28,-89.67,79.0,88,75,8.43,broken clouds
323,Kamuli,UG,0.95,33.12,64.51,81,72,0.54,broken clouds
324,Yar-Sale,RU,66.83,70.83,53.29,74,76,12.55,broken clouds
325,Fairbanks,US,64.84,-147.72,72.0,52,40,4.7,scattered clouds
326,Kruisfontein,ZA,-34.0,24.73,45.46,74,18,8.12,few clouds
327,Mbandaka,CD,0.05,18.26,72.84,86,92,1.57,overcast clouds
328,Birao,CF,10.28,22.79,69.82,93,100,3.04,overcast clouds
329,Muniz Freire,BR,-20.46,-41.41,64.81,78,0,5.39,clear sky
330,Khorixas,NA,-20.37,14.97,57.49,27,0,15.79,clear sky
331,Launceston,AU,-41.45,147.17,53.01,81,27,8.05,scattered clouds
332,Synya,RU,65.37,58.04,50.58,96,78,5.64,broken clouds
333,Arlit,NE,18.74,7.39,93.7,11,1,7.02,clear sky
334,Te Anau,NZ,-45.42,167.72,49.08,81,98,0.6,overcast clouds
335,Tevriz,RU,57.51,72.4,50.54,94,49,5.66,scattered clouds
336,Timmins,CA,48.47,-81.33,59.0,82,90,3.36,overcast clouds
337,Along,IN,28.17,94.77,71.42,83,4,1.68,clear sky
338,Porbandar,IN,21.64,69.61,81.95,84,90,17.85,overcast clouds
339,Hovd,MN,48.01,91.64,63.9,45,100,1.05,overcast clouds
340,Faya,SA,18.39,42.45,71.6,56,67,1.81,broken clouds
341,Beringovskiy,RU,63.05,179.32,57.83,51,87,9.42,overcast clouds
342,Qinhuangdao,CN,39.93,119.59,69.46,61,100,15.08,overcast clouds
343,Sabha,LY,27.04,14.43,88.32,18,31,11.25,scattered clouds
344,Marzuq,YE,14.4,46.47,81.88,39,98,7.18,overcast clouds
345,Zyryanka,RU,65.75,150.85,48.88,54,82,16.49,broken clouds
346,Hamamatsu,JP,34.7,137.73,89.01,81,100,3.0,overcast clouds
347,Inuvik,CA,68.35,-133.72,66.2,52,40,5.82,scattered clouds
348,Shimoda,JP,34.67,138.95,86.0,74,20,10.29,few clouds
349,Hatillo,PR,18.49,-66.83,84.99,85,59,1.01,broken clouds
350,Parrita,CR,9.52,-84.32,69.8,100,75,6.93,light rain
351,Walvis Bay,NA,-22.96,14.51,64.4,12,0,17.22,clear sky
352,Paita,PE,-5.09,-81.11,62.37,80,49,17.67,scattered clouds
353,Torres,BR,-29.34,-49.73,56.3,77,100,18.1,overcast clouds
354,Bien Hoa,VN,10.95,106.82,77.0,100,75,2.24,broken clouds
355,Pemangkat,ID,1.17,108.97,78.37,85,73,4.74,broken clouds
356,Chapais,CA,49.78,-74.85,53.6,76,90,6.93,overcast clouds
357,College,US,64.86,-147.8,72.0,53,75,3.36,broken clouds
358,Missoula,US,47.02,-113.8,89.6,29,20,5.82,few clouds
359,Paragominas,BR,-2.97,-47.48,77.0,61,52,3.71,broken clouds
360,Chimbote,PE,-9.09,-78.58,60.84,84,37,9.31,scattered clouds
361,Iranshahr,IR,27.2,60.68,93.2,38,36,3.71,scattered clouds
362,Umm Kaddadah,SD,13.6,26.69,78.66,73,89,10.96,overcast clouds
363,Biltine,TD,14.53,20.92,74.7,78,100,3.53,overcast clouds
364,Kongwa,TZ,-6.2,36.42,61.45,88,47,4.38,scattered clouds
365,Chinsali,ZM,-10.54,32.08,58.62,56,86,3.58,overcast clouds
366,Sao Pedro Do Sul,BR,-29.62,-54.18,53.6,62,5,4.7,clear sky
367,Manosque,FR,43.83,5.79,64.99,74,0,3.06,clear sky
368,Klaksvik,FO,62.23,-6.59,51.8,76,100,8.05,overcast clouds
369,Providencia,MX,28.72,-111.58,96.01,56,10,4.0,clear sky
370,Fort Nelson,CA,58.81,-122.7,71.6,33,40,12.75,scattered clouds
371,Aquiraz,BR,-3.9,-38.39,78.8,83,38,6.93,scattered clouds
372,San Pedro Del Parana,PY,-26.83,-56.2,59.0,47,0,14.99,clear sky
373,Oktyabrskiy,RU,54.48,53.47,45.45,91,13,8.9,few clouds
374,Zinacantan,MX,16.75,-92.7,80.6,65,75,6.93,broken clouds
375,Tanout,NE,14.97,8.89,86.74,46,28,18.3,scattered clouds
376,Santa Rosa,PH,14.31,121.11,80.01,94,100,4.7,overcast clouds
377,Hobyo,SO,5.35,48.53,76.95,82,97,18.12,overcast clouds
378,Dunedin,NZ,-45.87,170.5,51.01,85,4,8.99,clear sky
379,Pavlodar,KZ,52.3,76.95,44.6,100,0,6.71,clear sky
380,Alice Springs,AU,-23.7,133.88,57.2,28,0,2.24,clear sky
381,Winslow,US,35.02,-110.7,93.2,17,1,21.92,clear sky
382,Orsha,BY,54.52,30.41,58.89,95,100,9.57,overcast clouds
383,Santa Maria Da Vitoria,BR,-13.39,-44.19,74.52,39,1,2.51,clear sky
384,Atocha,BO,-20.93,-66.23,38.46,61,0,28.41,clear sky
385,Berdigestyakh,RU,62.1,126.7,51.53,65,77,8.32,broken clouds
386,Hualmay,PE,-11.1,-77.61,60.4,82,24,12.19,few clouds
387,Lumeje,AO,-11.55,20.78,62.78,29,0,8.37,clear sky
388,Australind,AU,-33.27,115.72,51.01,82,90,5.03,overcast clouds
389,Sidney,AU,-33.87,151.21,61.0,38,20,17.22,few clouds
390,Manta,EC,-0.95,-80.73,73.4,78,53,16.11,broken clouds
391,Thompson,CA,55.74,-97.86,69.8,60,75,3.36,broken clouds
392,Asau,RO,46.43,26.4,60.01,99,100,3.76,overcast clouds
393,Rehoboth,NA,-23.32,17.08,32.25,73,0,4.61,clear sky
394,Taoudenni,ML,22.68,-3.98,99.01,18,17,3.89,few clouds
395,Norman Wells,CA,65.28,-126.83,66.2,45,40,8.05,scattered clouds
396,Flin Flon,CA,54.77,-101.86,73.4,69,75,2.24,broken clouds
397,Ust-Nera,RU,64.57,143.2,46.02,71,99,7.81,overcast clouds
398,Aswan,EG,24.09,32.91,85.78,20,19,8.55,few clouds
399,Krasnoselkup,RU,65.7,82.47,55.47,93,92,6.02,overcast clouds
400,Voyinka,UA,45.87,33.99,68.5,61,1,2.21,clear sky
401,Lashio,MM,22.93,97.75,67.93,100,100,0.87,overcast clouds
402,Sao Lourenco Da Serra,BR,-23.85,-46.94,60.01,93,90,8.05,overcast clouds
403,Meiganga,CM,6.52,14.3,66.63,96,100,4.92,moderate rain
404,Dudinka,RU,69.41,86.18,59.0,51,59,8.95,broken clouds
405,Novo Aripuana,BR,-5.12,-60.38,84.15,36,16,1.99,few clouds
406,Kargil,IN,34.57,76.1,53.82,55,9,5.53,clear sky
407,Hay River,CA,60.82,-115.8,66.2,68,75,8.05,broken clouds
408,Gore,NZ,-46.1,168.94,55.0,83,30,1.01,scattered clouds
409,Belmonte,BR,-15.86,-38.88,73.4,83,75,2.24,broken clouds
410,Srednekolymsk,RU,67.45,153.68,44.22,66,85,8.66,overcast clouds
411,Columbus,US,39.96,-83.0,73.99,46,20,8.05,few clouds
412,Penzance,GB,50.12,-5.54,60.8,77,71,27.51,broken clouds
413,General Roca,AR,-39.03,-67.58,39.2,51,0,4.7,clear sky
414,Acapulco,MX,16.86,-99.89,86.0,79,75,11.41,broken clouds
415,Berea,US,41.37,-81.85,68.0,49,1,6.93,clear sky
416,Kysyl-Syr,RU,63.9,122.76,51.82,57,12,8.37,few clouds
417,Kalmunai,LK,7.42,81.82,77.31,83,100,7.11,overcast clouds
418,Saint-Philippe,RE,-21.36,55.77,69.01,68,90,3.36,overcast clouds
419,Codajas,BR,-3.84,-62.06,84.2,46,8,2.84,clear sky
420,Quelimane,MZ,-17.88,36.89,73.4,94,75,2.24,broken clouds
421,Minot,US,48.23,-101.3,93.99,23,1,8.05,clear sky
422,Mora,CM,11.05,14.14,73.71,83,100,9.57,overcast clouds
423,Great Yarmouth,GB,52.61,1.73,68.0,99,100,4.0,overcast clouds
424,Aripuana,BR,-9.17,-60.63,83.68,34,16,1.19,few clouds
425,Nemuro,JP,43.32,145.57,75.2,83,75,9.17,broken clouds
426,Alcaniz,ES,41.05,-0.13,75.99,38,0,4.0,clear sky
427,Alofi,NU,-19.06,-169.92,84.2,79,75,12.75,broken clouds
428,Abu Dhabi,AE,24.47,54.37,93.2,84,20,4.7,few clouds
429,Cape Canaveral,US,28.41,-80.6,80.01,83,1,8.05,clear sky
430,Santa Cruz Cabralia,BR,-16.28,-39.02,73.4,83,75,2.24,broken clouds
431,Nioro,GM,13.35,-15.75,78.6,90,70,5.46,broken clouds
432,Arrifes,PT,37.77,-25.7,64.4,77,40,6.93,scattered clouds
433,Nome,US,64.5,-165.41,59.0,81,75,16.11,broken clouds
434,Kirakira,SB,-10.45,161.92,85.37,68,87,6.44,light rain
435,Kahului,US,20.89,-156.47,91.4,43,40,20.8,scattered clouds
436,Sitka,US,57.05,-135.33,64.4,68,90,5.82,overcast clouds
437,Mount Isa,AU,-20.73,139.5,69.8,19,0,11.41,clear sky
438,Souillac,MU,-20.52,57.52,68.0,82,75,11.41,shower rain
439,Rondonopolis,BR,-16.47,-54.64,84.27,21,12,3.29,few clouds
440,Calvinia,ZA,-31.47,19.78,40.48,65,1,1.28,clear sky
441,Havelock,US,34.88,-76.9,78.01,94,1,3.36,clear sky
442,West Linton,GB,55.75,-3.36,63.0,93,90,6.93,light rain
443,Canton,CN,23.12,113.25,87.01,74,40,6.71,scattered clouds
444,Kozhva,RU,65.11,57.05,52.7,94,97,7.81,overcast clouds
445,Tomatlan,MX,19.93,-105.25,76.6,94,100,2.53,light rain
446,Zwettl,AT,48.6,15.17,54.0,92,17,2.93,few clouds
447,Laguna,US,38.42,-121.42,102.2,14,90,4.7,overcast clouds
448,Limbe,CM,4.02,9.21,77.0,100,75,1.12,light intensity drizzle
449,Bentiu,SS,9.23,29.83,71.55,93,93,2.89,overcast clouds
450,Tambun,ID,-6.26,107.07,82.99,94,40,5.93,haze
451,Monte Alegre,BR,-2.01,-54.07,81.54,64,47,1.99,scattered clouds
452,Egvekinot,RU,66.32,-179.17,54.23,50,85,6.89,overcast clouds
453,Chara,RU,56.91,118.26,60.44,39,67,1.23,broken clouds
454,Auki,SB,-8.77,160.7,87.6,60,81,1.57,broken clouds
455,Marawi,PH,8.0,124.29,78.01,89,100,3.0,overcast clouds
456,Varca,IN,15.22,73.92,78.85,86,100,10.31,moderate rain
457,Warrnambool,AU,-38.38,142.48,52.0,87,96,5.99,light rain
458,Ouegoa,NC,-20.35,164.43,76.06,57,3,7.36,clear sky
459,Ambilobe,MG,-13.2,49.05,63.86,80,22,4.81,few clouds
460,Cooma,AU,-36.23,149.13,46.4,52,40,21.92,scattered clouds
461,Cap-Aux-Meules,CA,47.38,-61.86,64.4,82,75,5.82,broken clouds
462,Okhotsk,RU,59.38,143.3,59.76,69,100,17.96,light rain
463,Aras,ES,42.56,-2.36,64.4,55,0,5.82,clear sky
464,Pushkinskiye Gory,RU,57.02,28.91,52.68,96,0,3.67,clear sky
465,Paralimni,CY,35.04,33.98,75.2,88,0,6.35,clear sky
466,Koslan,RU,63.46,48.9,48.81,95,100,9.31,overcast clouds
467,Inhambane,MZ,-23.86,35.38,66.56,70,97,12.1,overcast clouds
468,Freetown,SL,8.48,-13.23,75.96,91,100,12.86,moderate rain
469,Ihosy,MG,-22.4,46.12,58.24,71,0,3.38,clear sky
470,Abu Samrah,SY,35.3,37.18,67.78,79,0,8.41,clear sky
471,Xining,CN,36.62,101.77,56.39,67,4,2.59,clear sky
472,Porto Novo,BJ,6.5,2.6,75.2,94,40,10.29,scattered clouds
473,Buchanan,LR,5.88,-10.05,77.0,88,75,5.82,broken clouds
474,Margherita,IN,27.28,95.68,80.6,83,40,3.36,haze
475,Carutapera,BR,-1.2,-46.02,78.1,82,89,8.25,overcast clouds
476,Tangjiazhuang,CN,39.73,118.45,67.5,71,100,11.77,overcast clouds
477,Wagar,SD,16.15,36.2,86.23,58,65,19.17,broken clouds
478,Hellin,ES,38.51,-1.7,72.59,48,0,2.89,clear sky
479,Ballina,AU,-28.87,153.57,66.2,36,90,24.16,overcast clouds
480,Rosario Do Sul,BR,-30.26,-54.91,44.22,60,1,11.41,clear sky
481,Tombouctou,ML,20.0,-3.0,97.18,29,21,11.56,few clouds
482,San Juan,AR,-31.54,-68.54,43.38,54,21,6.78,few clouds
483,Kedrovyy,RU,56.17,91.82,57.2,93,17,4.47,few clouds
484,Lata,PT,40.16,-8.33,71.01,88,34,4.0,scattered clouds
485,Helong,CN,42.54,129.0,60.33,90,100,3.71,light rain
486,Kingaroy,AU,-26.53,151.83,64.99,29,50,18.34,scattered clouds
487,Matara,LK,5.95,80.54,79.79,83,100,9.8,light rain
488,Hami,CN,42.8,93.45,80.71,27,100,9.86,overcast clouds
489,Kabelvag,NO,68.21,14.48,50.0,87,79,3.85,broken clouds
490,Vao,NC,-22.67,167.48,71.28,79,3,20.29,clear sky
491,Marsa Matruh,EG,31.35,27.25,75.92,81,0,7.43,clear sky
492,Nago,JP,26.59,127.98,87.01,79,1,6.93,clear sky
493,Taga,RO,46.95,24.05,64.4,93,90,4.7,overcast clouds
494,Tateyama,JP,34.98,139.87,87.01,74,20,10.29,few clouds
495,Vestmanna,FO,62.16,-7.17,51.8,76,100,8.05,overcast clouds
496,Sinnamary,GF,5.38,-52.95,79.75,83,0,11.48,light rain
497,Ghanzi,BW,-21.57,21.78,38.46,54,0,7.54,clear sky
498,Coahuayana,MX,18.73,-103.68,78.8,78,75,17.22,broken clouds
499,Otacilio Costa,BR,-27.48,-50.12,53.73,98,100,2.35,light rain
500,Coachella,US,33.68,-116.17,111.2,22,1,6.93,clear sky
501,Cabedelo,BR,-6.98,-34.83,71.6,94,59,4.7,broken clouds
502,Beboto,TD,8.27,16.94,69.4,95,99,1.72,overcast clouds
503,Sola,VU,-13.88,167.55,82.4,94,75,12.62,broken clouds
504,Porto Tolle,IT,44.95,12.32,79.0,87,58,2.42,broken clouds
505,Kinsale,IE,51.71,-8.53,62.01,93,75,32.21,broken clouds
506,Hervey Bay,AU,-25.3,152.85,69.8,44,5,14.99,clear sky
507,Lasa,IT,46.62,10.7,59.0,87,40,1.12,scattered clouds
508,Bundaberg,AU,-24.85,152.35,71.6,24,1,14.99,clear sky
509,Yarmouth,US,41.71,-70.23,69.8,73,90,4.7,overcast clouds
510,Dvinskoy,RU,62.15,45.12,41.04,80,0,5.82,clear sky
511,Baghdad,IQ,33.34,44.4,82.4,30,0,5.82,clear sky
512,Muhos,FI,64.81,25.99,60.01,100,4,3.36,clear sky
513,Tevaitoa,PF,-16.78,-151.5,78.85,76,14,22.37,few clouds
514,Beckley,US,37.78,-81.19,69.8,64,1,6.93,clear sky
515,Kabinda,CD,-6.13,24.48,72.41,62,0,4.38,clear sky
516,Henties Bay,NA,-22.12,14.28,58.26,45,0,5.41,clear sky
517,Ferkessedougou,CI,9.6,-5.2,72.07,93,99,4.14,light rain
518,Port Keats,AU,-14.25,129.55,80.87,69,65,5.32,broken clouds
519,Ghaziabad,IN,28.67,77.43,84.99,100,90,4.7,thunderstorm with light rain
520,Matay,EG,28.42,30.78,75.07,58,0,9.4,clear sky
521,Santa Cruz De Tenerife,ES,28.47,-16.25,73.99,26,0,3.36,clear sky
522,Verkhnyaya Toyma,RU,62.23,45.0,41.2,79,0,5.44,clear sky
523,Ostrovnoy,RU,68.05,39.51,49.24,78,46,10.18,scattered clouds
524,Petropavlovsk-Kamchatskiy,RU,53.05,158.65,51.8,100,90,8.95,light intensity shower rain
525,Bambanglipuro,ID,-7.95,110.28,75.87,77,27,3.33,scattered clouds
526,Leeton,AU,-34.57,146.4,51.01,81,90,13.87,overcast clouds
527,Kaohsiung,TW,22.62,120.31,87.8,66,40,2.24,scattered clouds
528,Hambantota,LK,6.12,81.12,77.0,100,20,5.82,few clouds
529,Mahibadhoo,MV,3.78,72.97,82.63,64,95,4.61,overcast clouds
530,Mangochi,MW,-14.48,35.26,73.63,49,48,4.0,scattered clouds
531,Ahwa,IN,20.75,73.68,72.36,99,100,5.39,light rain
532,Mangan,IN,27.52,88.53,72.88,56,15,2.46,few clouds
533,Concepcion Del Oro,MX,24.63,-101.42,70.81,40,100,4.07,overcast clouds
534,Maceio,BR,-9.67,-35.74,71.6,94,20,3.91,few clouds
535,Bandarbeyla,SO,9.49,50.81,78.01,73,0,24.96,clear sky
536,Ushirombo,TZ,-3.49,31.96,66.83,54,71,1.34,broken clouds
537,Chenghai,CN,23.46,116.77,82.4,88,40,2.24,scattered clouds
538,Kintampo,GH,8.06,-1.73,71.04,85,31,5.53,scattered clouds
539,Ayan,RU,56.45,138.17,61.18,54,99,15.21,overcast clouds
540,Riyadh,SA,24.69,46.72,80.6,22,56,2.24,broken clouds
541,Sao Felix Do Xingu,BR,-6.64,-51.99,83.98,39,32,2.93,scattered clouds
542,Luorong,CN,24.41,109.61,75.87,93,100,5.97,moderate rain
543,Bijie,CN,27.31,105.29,62.82,82,3,1.41,clear sky
544,Vanimo,PG,-2.67,141.3,84.4,63,24,6.51,few clouds
545,Tilichiki,RU,60.47,166.1,54.28,73,100,20.92,overcast clouds
546,Dakar,SN,14.69,-17.44,82.4,83,40,6.93,scattered clouds
547,Tiznit,MA,29.58,-9.5,66.45,66,0,0.81,clear sky
548,Kaeo,NZ,-35.1,173.78,64.99,58,73,7.0,light rain
549,Kaliyaganj,IN,25.63,88.32,79.25,84,71,14.34,broken clouds
550,Jumla,NP,29.27,82.18,61.43,72,100,1.03,light rain
551,Rabo De Peixe,PT,37.8,-25.58,64.4,77,40,6.93,scattered clouds
552,Teguldet,RU,57.31,88.17,53.19,95,56,6.11,broken clouds
553,Manokwari,ID,-0.87,134.08,81.25,73,82,5.08,broken clouds
554,Tromso,NO,69.65,18.96,48.2,81,90,3.36,shower rain
555,Gandu,BR,-13.74,-39.49,65.03,96,19,0.09,few clouds
556,Lavrentiya,RU,65.58,-171.0,54.5,70,60,8.28,broken clouds
557,Terrace,CA,54.52,-128.6,55.4,87,90,11.41,light rain
558,La Paz,BO,-16.5,-68.15,44.6,65,75,10.29,broken clouds
559,Tsabong,BW,-26.02,22.4,35.35,73,0,4.56,clear sky
560,Katherine,AU,-14.47,132.27,82.4,58,59,4.7,broken clouds
561,Rovaniemi,FI,66.5,25.72,55.4,100,20,8.05,few clouds
562,Flinders,AU,-34.58,150.86,60.01,52,7,10.0,clear sky
563,Port Lavaca,US,28.61,-96.63,91.0,64,0,8.99,clear sky
564,Tahe,CN,52.33,124.73,60.39,51,7,4.38,clear sky
565,Vila Franca Do Campo,PT,37.72,-25.43,64.4,77,40,6.93,scattered clouds
566,Jawhar,SO,2.78,45.5,74.21,86,38,8.46,scattered clouds
567,Winneba,GH,5.35,-0.62,77.0,88,20,12.75,few clouds
568,Bogorodskoye,RU,56.55,37.88,48.02,90,1,3.0,clear sky
569,Arkhangelsk,RU,64.54,40.54,33.8,100,1,1.59,clear sky
570,Cap Malheureux,MU,-19.98,57.61,66.99,69,26,3.0,scattered clouds
571,Aasiaat,GL,68.71,-52.87,44.78,69,0,8.25,clear sky
572,Solnechnyy,RU,50.72,136.63,63.66,43,0,10.02,clear sky
573,Mahajanga,MG,-15.72,46.32,69.8,64,8,8.05,clear sky
574,Barstow,US,34.9,-117.02,109.4,12,1,21.92,clear sky
575,Alexandria,EG,31.22,29.96,78.12,70,0,8.34,clear sky
576,Kefamenanu,ID,-9.45,124.48,76.12,59,16,2.55,few clouds
577,Wanning,CN,18.8,110.4,80.62,85,96,4.7,light rain
578,Tual,ID,-5.67,132.75,79.3,81,49,15.35,scattered clouds
579,Bilma,NE,18.69,12.92,92.1,13,63,5.21,broken clouds
580,Ganzhou,CN,28.82,115.43,84.61,74,95,1.43,overcast clouds
581,San Patricio,MX,19.22,-104.7,86.0,74,75,11.41,broken clouds
582,Wawa,NG,9.9,4.42,74.01,93,70,3.85,broken clouds
583,Kudahuvadhoo,MV,2.67,72.89,82.22,64,97,2.35,overcast clouds
584,Semnan,IR,35.57,53.4,80.6,21,0,4.0,clear sky
585,Kaniama,CD,-7.57,24.18,69.85,53,3,1.54,clear sky
586,Romilly-Sur-Seine,FR,48.51,3.73,68.0,94,73,5.82,broken clouds
587,Batagay-Alyta,RU,67.8,130.41,37.89,78,100,4.0,overcast clouds
588,Phan Thiet,VN,10.93,108.1,77.67,81,100,3.94,overcast clouds
589,Santa Paula,US,34.35,-119.06,95.0,43,1,8.05,smoke
590,Christchurch,NZ,-43.53,172.63,62.01,62,7,5.82,clear sky
591,Misratah,LY,32.38,15.09,79.23,78,0,4.43,clear sky
592,Gao,ML,16.64,1.64,83.43,55,87,6.11,light rain
593,Maningrida,AU,-12.07,134.27,79.05,66,21,3.29,few clouds
594,San Javier,ES,37.81,-0.84,75.99,73,0,4.7,clear sky
595,Aldergrove,CA,49.06,-122.47,78.01,57,75,2.24,broken clouds
596,Staroutkinsk,RU,57.23,59.33,47.89,95,100,14.09,moderate rain
597,Kontagora,NG,10.4,5.47,73.92,95,100,3.18,light rain
598,Kanigoro,ID,-8.13,112.22,74.7,79,40,3.47,scattered clouds
599,George,ZA,-33.96,22.46,48.2,66,35,5.82,scattered clouds
600,Mackay,AU,-21.15,149.2,73.4,64,14,3.36,few clouds
601,Puerto Escondido,MX,15.85,-97.07,80.6,65,90,5.82,overcast clouds
602,Malm,NO,64.07,11.22,60.8,93,99,3.36,overcast clouds
603,Dargaville,NZ,-35.93,173.88,63.25,81,70,17.56,light rain
604,Chumikan,RU,54.72,135.31,57.92,61,59,22.1,broken clouds
605,Vinces,EC,-1.55,-79.73,78.8,61,75,13.87,broken clouds
606,Am Timan,TD,11.03,20.28,69.78,97,100,2.59,light rain
607,Khasan,RU,42.43,130.64,61.3,87,100,12.28,light rain
608,Mana,GF,5.66,-53.78,79.84,83,10,10.13,light rain
609,Ozernovskiy,RU,51.5,156.52,53.94,88,100,8.57,light rain
610,Portland,US,45.52,-122.68,88.0,35,75,3.36,broken clouds
611,Wahiawa,US,21.5,-158.02,89.6,51,1,17.22,clear sky
612,Cordoba,AR,-31.41,-64.18,42.01,50,62,5.82,broken clouds
613,Great Falls,US,47.5,-111.3,87.01,27,1,4.7,clear sky
614,Necochea,AR,-38.55,-58.74,43.0,72,87,8.01,overcast clouds
615,Tezu,IN,27.92,96.17,76.62,67,49,3.29,scattered clouds
616,Hofn,IS,64.25,-15.21,47.03,73,18,15.03,few clouds
617,Pandan,PH,14.05,124.17,80.55,77,75,2.57,broken clouds
618,Porto Nacional,BR,-10.71,-48.42,82.4,48,0,6.93,clear sky
619,Quchan,IR,37.11,58.51,61.43,36,0,5.26,clear sky
620,Phalombe,MW,-15.81,35.65,69.53,58,89,6.33,overcast clouds
621,Port Hedland,AU,-20.32,118.57,68.0,28,0,10.29,clear sky
622,Nagato,JP,34.38,131.2,84.99,79,40,2.24,scattered clouds
623,Juquia,BR,-24.32,-47.63,64.45,86,91,0.38,overcast clouds
624,Healdsburg,US,38.61,-122.87,93.0,22,75,12.75,smoke
625,Sao Joaquim,BR,-28.29,-49.93,47.35,100,100,2.66,light rain
626,Charlestown,AU,-32.95,151.67,63.0,60,1,10.0,clear sky
627,Seredka,RU,58.16,28.19,50.0,87,0,6.08,clear sky
628,Mocuba,MZ,-16.84,36.99,68.56,91,4,5.32,clear sky
629,Ruteng,ID,-8.61,120.47,66.02,84,70,1.77,broken clouds
630,Agen,FR,44.2,0.63,78.01,60,17,12.75,few clouds
631,Stavern,NO,59.0,10.03,62.01,93,100,4.7,overcast clouds
632,Monroe,US,43.15,-77.68,69.01,45,20,5.82,few clouds
633,Umm Lajj,SA,25.02,37.27,86.95,64,57,11.27,broken clouds
634,Nizhnevartovsk,RU,60.93,76.55,55.4,93,67,6.71,broken clouds
635,Alto Araguaia,BR,-17.31,-53.22,76.93,25,9,1.99,clear sky
636,Opuwo,NA,-18.06,13.84,53.4,35,1,7.72,clear sky
637,Epe,NG,6.58,3.98,74.64,90,35,6.76,scattered clouds
638,Goderich,CA,43.75,-81.72,66.99,66,13,3.24,few clouds
639,Aguimes,ES,27.91,-15.45,73.4,73,0,21.92,clear sky
640,Kholodnyy,RU,62.72,147.95,44.91,75,100,23.67,overcast clouds
641,Xai-Xai,MZ,-25.05,33.64,63.73,74,2,11.74,clear sky
642,Prince Rupert,CA,54.32,-130.32,57.2,93,90,2.24,mist
643,Kavaratti,IN,10.57,72.64,82.06,77,100,13.85,light rain
644,Izmir,TR,38.46,27.09,71.01,88,0,2.24,clear sky
645,Wewak,PG,-3.55,143.63,83.34,67,15,4.43,few clouds
646,Ust-Shonosha,RU,61.15,41.34,40.93,85,0,3.06,clear sky
647,Stawell,AU,-37.05,142.77,48.69,76,30,12.62,scattered clouds
648,Zhigansk,RU,66.77,123.37,44.33,66,6,14.67,clear sky
649,Caronport,CA,50.45,-105.82,93.0,21,69,7.0,broken clouds
650,Havre-Saint-Pierre,CA,50.23,-63.6,60.8,87,90,5.82,overcast clouds
651,Los Llanos De Aridane,ES,28.66,-17.92,72.0,83,0,8.05,clear sky
652,Port Augusta,AU,-32.5,137.77,51.01,87,6,11.41,clear sky
653,Tosya,TR,41.02,34.04,62.47,52,0,0.94,clear sky
654,Telford,GB,52.68,-2.45,68.0,88,100,13.87,light rain
655,Maturin,VE,9.75,-63.18,76.19,90,100,5.32,overcast clouds
656,Ahipara,NZ,-35.17,173.17,62.47,83,62,18.59,light rain
